bug_id,decision
224502,not-found
225927,not-found
226257,found
226066,found
226445,found
225511,found
224758,not-found
225030,not-found
226435,not-found
209799,not-found
226447,not-found
226862,found
224061,found
225516,found
226864,found
223314,found
227061,not-found
226871,not-found
226858,found
223541,not-found
223088,not-found
100413,not-found
226078,found
227249,found
100257,not-found
227072,not-found
227271,not-found
227274,found
226859,not-found
226829,not-found
227075,found
227074,found
223456,found
160542,not-found
227481,not-found
226631,not-found
100415,not-found
226647,found
227957,found
217563,not-found
224262,not-found
100319,not-found
100505,not-found
226742,not-found
228138,found
228321,found
228326,found
228346,found
225034,found
227269,not-found
228604,found
155138,not-found
228609,found
228619,found
224549,found
228636,found
228615,found
228598,found
228309,found
228603,found
228818,found
228631,found
100559,found
229203,found
229231,found
230139,found
229908,not-found
228131,found
229563,found
229220,found
228372,not-found
230098,found
229521,found
229215,found
229649,not-found
230102,found
230103,found
230158,not-found
141934,not-found
227525,found
228821,found
230105,found
229524,not-found
229211,found
230033,not-found
230306,not-found
228808,found
228244,not-found
229551,not-found
229221,found
231058,found
167618,not-found
228551,not-found
229208,found
231066,not-found
230835,not-found
228835,not-found
231085,found
231241,found
230844,found
225540,not-found
231480,found
229233,found
231499,found
230338,found
231712,found
231736,found
231760,found
231353,not-found
231720,not-found
231983,found
231706,found
223576,not-found
227951,not-found
232009,found
227283,not-found
231043,found
231721,found
231769,found
229554,found
232231,found
231723,not-found
232439,not-found
232230,found
232263,found
231498,found
194374,not-found
203642,not-found
232898,found
232894,found
220851,not-found
232221,found
231402,found
192368,found
232907,found
213955,found
229436,not-found
233131,found
233157,found
231759,found
232639,found
232465,found
232637,found
231719,not-found
230814,found
230104,found
233400,found
230452,not-found
232647,not-found
228344,found
233612,found
232035,found
232718,found
232757,not-found
209755,found
234052,found
234078,found
234129,found
234086,found
233871,not-found
233408,found
234133,found
233147,found
230460,not-found
233179,found
233376,found
234442,not-found
234758,not-found
234519,found
234318,found
232824,not-found
234816,found
235040,found
232719,found
234796,found
235048,found
233899,found
235047,found
235077,found
235059,found
235071,found
235259,found
235275,found
235080,found
235544,found
235551,found
235518,found
234298,found
235760,found
234190,not-found
233900,found
235761,found
235270,found
235773,found
235957,found
235964,found
235749,not-found
235532,found
235973,found
235982,found
235758,found
235977,found
235991,found
235984,found
235803,not-found
235966,found
233885,found
236346,found
235998,found
236338,found
236016,found
236402,found
236014,found
235539,found
235620,not-found
235038,found
235507,not-found
236561,found
236572,not-found
236742,found
236744,not-found
205717,not-found
237182,not-found
236813,not-found
237569,not-found
237879,not-found
234294,not-found
235757,not-found
237748,not-found
236983,not-found
235947,found
224256,not-found
201354,not-found
235252,found
237405,found
238715,found
238935,found
238712,found
236564,not-found
238735,found
238716,found
234407,not-found
237869,found
235050,not-found
236786,found
237734,not-found
235510,found
236984,not-found
232259,not-found
239027,not-found
239759,not-found
236389,not-found
239199,found
231110,found
239920,found
239926,not-found
237018,not-found
236432,not-found
240285,found
240436,found
240620,found
240431,found
238720,not-found
241040,found
241187,found
239751,not-found
235293,found
235767,not-found
240895,not-found
239546,not-found
239597,not-found
240459,found
240293,not-found
241344,found
234826,found
241612,not-found
238077,found
239070,found
236190,not-found
240619,not-found
241610,found
240647,not-found
241776,not-found
241043,found
240813,not-found
240786,found
234902,found
236785,found
236565,not-found
240624,found
241906,found
242199,found
241931,found
242205,found
234522,found
233906,found
242318,found
242487,found
237019,not-found
242455,not-found
242065,not-found
242032,not-found
237550,not-found
242139,not-found
241052,not-found
242676,found
234559,found
241650,not-found
241489,found
243141,found
243248,found
242846,found
243254,found
243541,not-found
243368,found
241949,found
243701,found
237806,not-found
243708,found
244115,not-found
243974,found
243767,not-found
243969,found
236560,not-found
244107,found
243995,found
214011,not-found
234531,not-found
243981,found
236339,not-found
232722,found
243464,not-found
243986,found
243803,not-found
243394,found
244665,found
242657,found
235707,not-found
241792,not-found
242488,found
215192,not-found
243982,not-found
244916,found
243717,not-found
244389,not-found
244914,found
245082,found
245192,not-found
243269,found
245208,not-found
244375,not-found
243844,found
244376,not-found
158644,not-found
244668,found
239398,found
245332,found
245077,not-found
245502,found
245507,found
245510,found
245629,found
237190,not-found
245833,found
245812,found
245624,found
245813,found
245333,found
245839,found
246045,not-found
246046,found
232900,found
239266,not-found
246052,found
239760,not-found
245079,found
246805,found
246686,found
246174,found
246027,found
245465,found
246658,not-found
246969,found
245499,found
237582,not-found
246532,found
246312,not-found
246940,found
244974,not-found
232730,found
239268,not-found
247129,found
247588,found
242667,found
246819,found
231237,found
247641,not-found
246193,found
246341,found
247386,not-found
247924,found
245916,found
246677,not-found
246817,found
245909,found
249728,found
248817,found
248129,not-found
247123,found
246968,found
247163,not-found
247411,found
236384,found
247780,found
248524,not-found
247126,found
249450,not-found
250218,not-found
249918,found
249914,found
249672,not-found
249906,found
246827,found
250223,not-found
245498,found
250216,found
249577,not-found
250242,found
245215,not-found
250405,found
250890,not-found
250711,found
250404,found
239098,not-found
246828,found
250902,found
251051,found
252124,not-found
251960,found
250905,not-found
250727,found
250609,found
248815,found
245207,found
251048,not-found
251052,found
251810,found
248324,not-found
244276,found
252148,found
250053,found
252301,not-found
252294,found
251520,not-found
252542,found
252526,found
252525,found
251494,found
251493,found
252721,found
252313,not-found
252919,found
253139,found
253640,not-found
253161,found
253654,found
253856,found
254394,not-found
252550,not-found
254399,found
251558,not-found
254402,found
252318,found
253873,found
252527,found
241028,found
248821,found
254500,not-found
254989,found
255312,found
230486,not-found
255304,found
250892,not-found
245637,found
255579,not-found
231395,not-found
255584,found
239190,not-found
253884,found
247384,not-found
256167,not-found
254981,not-found
252043,not-found
169817,not-found
254977,not-found
254568,found
256238,not-found
246191,found
238342,not-found
254979,not-found
231071,found
253883,found
257468,found
257473,found
257472,found
257672,found
256642,not-found
258015,found
258234,found
150524,not-found
257128,not-found
194246,not-found
257008,found
255600,found
256855,found
258382,found
257577,not-found
257028,found
257044,found
256850,found
258582,found
257475,found
258018,found
256538,found
258403,found
258633,not-found
258627,not-found
258394,found
183437,not-found
258773,found
258585,found
258787,found
258388,found
259056,found
258636,not-found
259469,found
256307,not-found
256847,found
259620,found
184837,not-found
254404,not-found
259650,found
259555,not-found
259238,not-found
258654,not-found
254933,not-found
258047,not-found
234064,found
259123,not-found
258898,found
259548,not-found
259817,found
259823,not-found
259901,found
259904,not-found
259926,found
236018,found
172286,not-found
251674,not-found
260014,found
260202,found
260495,not-found
260496,not-found
259948,not-found
306749,not-found
260350,not-found
260680,found
260818,not-found
258778,found
255837,not-found
260988,found
260249,found
261154,found
214180,found
164923,not-found
259776,found
259693,not-found
261320,not-found
261440,found
259874,not-found
261445,found
261456,found
261314,found
261329,found
261578,found
260229,found
261447,found
261602,found
261760,found
261746,found
261308,found
261772,found
261749,found
247842,not-found
261961,found
261960,found
259689,found
259613,found
262136,found
261809,not-found
261595,found
261965,found
230084,not-found
247610,found
263725,found
263760,found
262115,found
188049,not-found
199976,found
263594,not-found
262749,not-found
263913,not-found
261316,not-found
261979,not-found
261792,found
259729,found
264455,found
262673,not-found
263311,not-found
259924,found
264629,found
250237,found
264654,found
263849,not-found
260681,not-found
264813,found
265074,found
264289,found
264975,found
264303,found
249277,not-found
265106,not-found
264836,not-found
263744,found
265126,found
263851,not-found
265264,found
265102,found
255309,found
265403,not-found
265249,found
265434,not-found
257014,not-found
265782,found
265266,not-found
265905,found
266075,found
257010,found
266459,not-found
266446,found
266644,found
266654,found
265244,not-found
246507,not-found
266783,found
266785,found
266447,found
266914,not-found
266647,not-found
266793,found
264273,not-found
266257,found
177433,not-found
246810,not-found
267186,not-found
267300,found
267341,found
267563,found
267570,found
150243,not-found
267577,not-found
265965,not-found
267159,found
265242,found
267599,found
124950,not-found
267762,found
263922,found
267807,found
267792,found
267820,found
268013,found
267581,not-found
268009,found
267790,found
268029,found
268032,found
268257,found
268271,found
268278,found
268034,not-found
254701,not-found
268475,found
268478,found
268485,found
259552,not-found
268537,not-found
268707,found
268908,found
258572,not-found
268918,found
268919,found
268924,found
259612,found
269117,found
269141,found
268068,found
268061,found
268728,not-found
268266,found
266795,found
267156,found
267322,found
267167,found
265919,found
268290,found
269150,found
268749,found
268912,found
269307,found
268000,found
268477,not-found
268546,not-found
254565,found
269315,found
268907,found
244501,not-found
244326,not-found
264708,not-found
266975,found
269639,found
269642,found
269134,found
269334,not-found
269646,found
269129,found
269768,not-found
268916,not-found
269641,found
269779,found
268282,found
269923,not-found
269116,found
269928,found
270100,found
270079,found
270077,found
270089,found
269143,found
269784,not-found
270207,found
270241,found
270239,found
270244,found
270234,not-found
268491,not-found
267120,not-found
270233,found
270230,not-found
270417,not-found
269918,found
270051,found
270073,found
270563,found
270696,found
207568,not-found
270576,found
270408,found
270698,found
270711,found
270695,found
267211,not-found
270253,found
270689,found
270556,not-found
270723,found
270710,found
271100,found
269952,found
271098,found
269920,found
270909,not-found
270692,found
271394,not-found
270247,found
271084,found
271116,found
271539,found
271560,found
271407,found
271547,found
271557,not-found
271597,found
252718,not-found
271725,found
271558,not-found
271423,found
271589,found
271114,found
271781,not-found
271719,found
271740,found
271729,found
271540,found
271743,found
271546,found
271873,not-found
271825,not-found
271126,not-found
271591,found
272100,found
270545,found
261160,not-found
265245,found
272117,found
272118,not-found
272114,found
272131,found
267806,not-found
269783,not-found
271408,found
189227,not-found
268010,not-found
271856,not-found
272441,found
272642,found
270647,not-found
272645,found
267535,not-found
272636,found
272649,found
206152,not-found
272634,found
272852,found
272633,found
272866,found
190347,not-found
237427,not-found
273007,found
272611,found
239925,found
273169,found
271596,not-found
273162,found
273175,found
271568,not-found
273028,found
273365,found
272280,found
273366,found
273374,found
271861,found
273377,found
271741,not-found
225695,not-found
274226,found
273367,not-found
273556,found
274218,not-found
274234,found
273992,found
273524,not-found
275259,found
273381,not-found
275271,found
275112,found
274257,found
274941,found
274458,not-found
272904,not-found
275258,not-found
273535,found
273008,found
273042,found
271982,not-found
275008,not-found
272847,not-found
206104,not-found
275415,found
275420,found
274927,found
274785,found
275585,found
258431,not-found
275590,found
271865,found
273998,found
270451,not-found
271109,found
271500,not-found
275587,found
275430,not-found
275711,not-found
260706,not-found
275597,not-found
272090,not-found
275276,found
275803,found
275772,found
275830,not-found
275792,found
275791,found
271866,found
275837,found
276006,found
272130,found
275815,found
276036,found
268921,found
275813,found
275962,not-found
275789,found
276238,found
275410,found
274778,found
276007,found
275406,found
276251,found
276408,not-found
276406,found
261726,not-found
159857,not-found
276239,found
276425,found
275601,found
276454,found
276643,not-found
276449,found
276266,found
275591,found
276254,found
276456,found
273187,not-found
276242,found
276441,found
276216,found
276430,not-found
276218,found
276656,found
276659,found
276642,found
229539,not-found
273026,found
250733,not-found
259632,not-found
190722,not-found
224242,not-found
273368,not-found
276828,found
276658,found
276806,found
275793,found
273532,found
274475,found
274930,found
277047,not-found
276798,not-found
277263,found
277273,found
277271,found
277311,found
277430,found
270217,found
277276,found
277426,not-found
277439,not-found
276684,found
277413,not-found
277790,found
235504,found
278542,found
275825,found
276409,not-found
269124,not-found
275622,found
263596,not-found
278707,found
278710,found
277791,found
278706,not-found
278597,found
278590,found
278714,found
278728,found
278718,found
278591,found
278720,not-found
278896,found
278163,not-found
278999,not-found
275764,found
278897,found
279072,found
246904,not-found
276665,found
277080,found
279217,found
278603,found
278709,found
278547,found
279066,found
276226,not-found
279197,found
276663,not-found
272238,found
279077,found
279073,found
279067,found
279554,found
279186,found
279567,found
279438,found
279589,found
279750,found
279898,found
279899,found
279398,found
274779,not-found
273971,not-found
142136,not-found
279026,not-found
280379,found
280372,not-found
279891,found
280030,not-found
279407,found
279911,found
280392,found
280389,found
280557,not-found
280573,found
278583,found
279889,found
277908,found
280032,found
277885,not-found
276196,not-found
281191,found
281308,found
281299,not-found
281303,not-found
281588,not-found
281802,found
281450,not-found
271984,found
281601,found
281310,found
280898,found
281467,found
281632,found
278894,found
281471,found
281517,not-found
281942,found
276240,not-found
281956,not-found
281321,found
279751,found
282120,found
282231,found
281816,found
282257,found
281537,not-found
282117,not-found
282246,found
282479,found
282488,found
282478,found
282102,found
117675,not-found
282544,not-found
282348,found
282611,found
280892,not-found
281610,found
282763,found
279892,not-found
279749,found
282979,found
282641,found
281183,found
283105,found
282949,found
283280,not-found
283268,found
283284,found
283285,found
282110,found
283355,found
283481,found
283493,found
283972,found
283376,not-found
284033,not-found
283253,found
282225,found
284192,found
281181,found
281460,found
283990,found
284075,found
284130,not-found
282846,not-found
283965,found
281940,not-found
284312,not-found
282250,found
284219,found
284223,not-found
283507,found
284064,not-found
284100,not-found
275620,found
283973,not-found
280560,found
284460,not-found
280228,found
280212,found
284694,not-found
284695,not-found
284467,not-found
284379,not-found
284364,found
279732,found
284813,found
284237,found
283794,found
284835,found
283266,found
284954,not-found
284816,not-found
284951,found
283674,not-found
284988,not-found
284528,found
283788,not-found
284952,found
284829,found
280732,found
284703,found
285114,found
285517,found
285959,found
285655,found
285812,not-found
285675,found
285418,found
285420,found
285663,found
284870,not-found
284613,not-found
285819,not-found
284194,not-found
285384,found
285817,not-found
284633,not-found
282343,found
282769,found
286352,found
279213,found
285844,not-found
285528,not-found
286370,not-found
278584,not-found
286598,found
284526,found
286761,not-found
280886,not-found
286750,found
284367,not-found
281973,found
286758,not-found
286775,not-found
279208,found
282501,found
236380,not-found
238453,not-found
286899,not-found
279776,found
269643,not-found
287111,not-found
287035,found
182066,found
287256,found
287257,found
215680,not-found
284832,not-found
287260,found
286389,not-found
287410,found
286603,found
287521,found
287515,found
287635,found
287774,found
287534,found
288066,found
287634,found
287007,found
287649,found
287798,found
288084,found
287102,not-found
287789,found
287108,not-found
287399,found
287662,found
288199,found
287781,found
285516,found
287642,found
286356,found
288200,found
288076,found
287531,found
273045,not-found
287931,found
287280,found
287513,found
287942,found
288201,found
288043,not-found
288592,found
286321,not-found
281056,found
288731,not-found
288332,found
288802,found
285851,not-found
288438,found
288209,found
288440,found
289031,not-found
289050,found
285009,not-found
289314,found
287910,found
278777,found
289318,not-found
288607,not-found
290086,not-found
289411,found
289372,not-found
289171,found
282248,found
288891,found
211944,found
288655,not-found
287922,found
288617,found
290225,not-found
285840,not-found
289706,found
290210,found
287656,found
282237,found
290480,found
290644,found
290664,found
288540,not-found
291850,found
286092,found
289828,not-found
284233,found
290213,found
287788,found
291975,not-found
292008,not-found
291971,found
292117,found
288326,found
287799,found
288323,found
292286,not-found
281865,not-found
289175,found
291878,found
292492,found
291731,not-found
284964,found
292847,found
292843,found
292726,found
288431,found
288593,found
292850,not-found
287780,found
292853,found
288786,found
292874,found
292848,found
293121,found
293006,not-found
293124,found
288895,found
289308,found
289180,not-found
293122,found
293253,not-found
273982,found
293388,not-found
288803,found
293390,found
293532,found
293631,found
293748,found
292724,not-found
293419,not-found
292989,found
292841,found
239706,not-found
294149,not-found
294023,found
292991,found
294172,not-found
294147,found
294225,not-found
294423,found
294841,not-found
294830,not-found
294840,found
292730,found
294837,found
295207,not-found
294740,not-found
294182,not-found
280913,not-found
295549,found
295350,not-found
296181,not-found
296542,not-found
296539,found
296645,not-found
278080,not-found
295947,not-found
297149,found
296273,not-found
295823,found
292399,not-found
297433,found
297553,not-found
297918,not-found
297920,found
296086,found
295062,not-found
298167,not-found
298627,found
292984,found
298728,found
298739,not-found
299176,not-found
298738,found
287131,found
292071,not-found
298636,found
286906,found
299284,not-found
299349,not-found
288169,not-found
298817,found
287653,not-found
299600,not-found
299456,found
299913,not-found
282477,found
299898,found
298620,not-found
299035,not-found
300142,found
265261,found
300629,found
300766,not-found
300461,found
299740,found
300633,not-found
300945,found
299903,found
299899,found
279050,found
301093,found
301202,found
301380,found
301396,found
299617,not-found
301382,not-found
301646,found
290208,not-found
300631,not-found
301925,found
302088,not-found
302084,found
301923,found
301771,found
302106,found
302098,not-found
293633,found
302226,not-found
302359,found
302365,found
302677,not-found
302380,found
303462,found
304198,not-found
303854,found
303846,found
304634,not-found
303029,not-found
302143,not-found
304612,found
301494,not-found
302842,not-found
301479,found
302230,found
304298,found
291512,not-found
252915,not-found
304446,found
304030,not-found
296428,found
304322,not-found
305298,not-found
305459,not-found
295687,found
301137,not-found
302249,found
299610,found
304304,found
303457,not-found
298673,found
305814,found
305451,found
298953,not-found
305946,found
306088,not-found
305951,found
305450,found
306681,not-found
298456,not-found
307018,not-found
306677,found
305749,not-found
307470,found
307465,found
307956,found
304779,found
306277,not-found
301397,found
308138,found
308443,not-found
308426,found
307959,found
307366,found
308451,not-found
307810,found
307468,found
308781,found
308187,not-found
305947,found
307338,found
292109,not-found
305950,found
308967,not-found
309431,found
288446,found
309265,found
309442,found
309427,found
291152,not-found
310050,not-found
309911,found
307336,found
310061,found
309432,found
307353,found
305851,not-found
307624,found
305117,found
307597,found
310563,found
299515,not-found
309625,found
310753,not-found
308784,found
306423,not-found
310742,found
306664,not-found
310971,found
310959,found
311264,not-found
304626,found
311463,found
270189,not-found
310960,found
310963,found
310407,found
303035,not-found
287655,found
308388,not-found
311815,found
312006,not-found
312036,not-found
312022,found
312026,found
311483,found
310457,not-found
305308,not-found
310251,found
311489,found
312030,found
311669,found
301493,not-found
311823,found
312370,found
308971,found
311678,found
311664,found
310418,found
310416,found
305982,found
311998,found
284068,not-found
302367,found
289546,found
288720,found
304308,found
284709,found
310057,found
312770,found
311494,found
229538,found
312529,found
313067,found
256537,found
312521,found
288906,found
301770,found
313069,found
312766,found
312767,found
289728,not-found
312757,found
312855,found
299233,not-found
313292,found
311496,found
311831,not-found
312763,found
298037,found
312759,found
299037,not-found
312009,found
276276,found
304319,found
310180,not-found
309071,found
313645,found
312382,found
287802,found
298146,found
313652,found
313657,found
311507,not-found
313684,found
298628,not-found
299096,found
313647,found
313835,found
306665,not-found
310958,found
311676,found
221310,found
314070,found
313868,found
312750,found
287790,found
313466,found
314099,found
313465,found
314200,found
313472,found
314199,not-found
314198,found
314207,found
314218,found
312761,found
314203,found
314117,found
314634,not-found
314123,not-found
314631,found
314088,found
292641,not-found
314190,found
313882,found
315035,found
315050,found
315008,not-found
307327,not-found
314375,not-found
315315,not-found
315181,found
315170,not-found
316568,not-found
316674,not-found
315366,found
313459,not-found
316695,not-found
312531,found
317267,found
314612,found
312859,found
314233,found
317397,found
318062,not-found
313297,found
318835,not-found
313646,found
319351,not-found
319902,not-found
319963,not-found
320462,not-found
321474,not-found
321540,not-found
314645,not-found
307321,not-found
322346,not-found
322512,not-found
322347,not-found
324070,not-found
315745,found
288223,found
324546,not-found
328221,not-found
330873,not-found
330326,not-found
331333,not-found
333860,not-found
336767,not-found
283491,found
340767,not-found
299248,not-found
350763,not-found
354788,not-found
355407,not-found
362714,not-found
258911,not-found
375600,not-found
211884,not-found
361443,not-found
368682,not-found
390675,not-found
390630,found
390669,found
407846,found
412357,not-found
410905,not-found
415922,not-found
415915,not-found
416105,not-found
405749,not-found
320365,not-found
414088,not-found
417291,found
417305,not-found
417317,found
416703,not-found
416987,found
375294,not-found
403306,not-found
389229,not-found
422205,not-found
